{
  "width": 640,
  "height": 360,
  "fps": 30,
  "main": "./script/aez_bundle_main.js",
  "assets": {
    "titleImage": {
      "type": "image",
      "width": 166,
      "height": 160,
      "path": "files/531bf2e9bda90a6f9bf7.png",
      "virtualPath": "image/titleImage.png"
    },
    "sampleTitleImage": {
      "type": "image",
      "width": 555,
      "height": 534,
      "path": "files/e052bc93b8402a7a9e04.png",
      "virtualPath": "image/sampleTitleImage.png"
    },
    "tokimakure": {
      "type": "image",
      "width": 128,
      "height": 136,
      "path": "files/232576ad903703de2a64.png",
      "virtualPath": "image/tokimakure.png"
    },
    "tokimakure_glyphs": {
      "type": "text",
      "path": "files/7d10e1d0d03b1ab4baa7.json",
      "virtualPath": "text/tokimakure_glyphs.json"
    },
    "zzz": {
      "type": "image",
      "width": 327,
      "height": 100,
      "path": "files/15aa7e58a02fcb66f9a1.png",
      "virtualPath": "image/zzz.png"
    },
    "titleBgm": {
      "type": "audio",
      "path": "files/524d8fc5ea18de0ca058",
      "systemId": "sound",
      "duration": 11520,
      "virtualPath": "audio/titleBgm"
    },
    "descBack": {
      "type": "image",
      "width": 300,
      "height": 189,
      "path": "files/fb17a69a5b0bd7bc7176.png",
      "virtualPath": "image/descBack.png"
    },
    "description": {
      "type": "image",
      "width": 128,
      "height": 88,
      "path": "files/5c17f356dfb3ca3b3419.png",
      "virtualPath": "image/description.png"
    },
    "description_glyphs": {
      "type": "text",
      "path": "files/94af0192838ab84ac73d.json",
      "virtualPath": "text/description_glyphs.json"
    },
    "countdown": {
      "type": "audio",
      "path": "files/794cbd7137526d97dce8",
      "systemId": "sound",
      "duration": 5826,
      "virtualPath": "audio/countdown"
    },
    "gameUI": {
      "type": "image",
      "width": 640,
      "height": 360,
      "path": "files/5d461aa1da83d0bc3d35.png",
      "virtualPath": "image/gameUI.png"
    },
    "time_num": {
      "type": "image",
      "width": 128,
      "height": 60,
      "path": "files/8a2aeafbc36deca1e913.png",
      "virtualPath": "image/time_num.png"
    },
    "time_num_glyphs": {
      "type": "text",
      "path": "files/65a1fa9b49b2fc1af8a5.json",
      "virtualPath": "text/time_num_glyphs.json"
    },
    "score": {
      "type": "image",
      "width": 64,
      "height": 48,
      "path": "files/d62e2baecca743ff7361.png",
      "virtualPath": "image/score.png"
    },
    "score_glyphs": {
      "type": "text",
      "path": "files/515165f90bdad330602e.json",
      "virtualPath": "text/score_glyphs.json"
    },
    "score_num": {
      "type": "image",
      "width": 128,
      "height": 48,
      "path": "files/8f7b2bd999f46fc282c4.png",
      "virtualPath": "image/score_num.png"
    },
    "score_num_glyphs": {
      "type": "text",
      "path": "files/a6ae431543ee3e36c966.json",
      "virtualPath": "text/score_num_glyphs.json"
    },
    "answer": {
      "type": "image",
      "width": 128,
      "height": 72,
      "path": "files/3911d40305a40d639205.png",
      "virtualPath": "image/answer.png"
    },
    "answer_glyphs": {
      "type": "text",
      "path": "files/ec657c86e700f2c7a365.json",
      "virtualPath": "text/answer_glyphs.json"
    },
    "cross": {
      "type": "image",
      "width": 80,
      "height": 60,
      "path": "files/5823baa63965072f229e.png",
      "virtualPath": "image/cross.png"
    },
    "div": {
      "type": "image",
      "width": 80,
      "height": 60,
      "path": "files/908952af6d1978341d72.png",
      "virtualPath": "image/div.png"
    },
    "minus": {
      "type": "image",
      "width": 80,
      "height": 60,
      "path": "files/4909edc1df3f0e8c4ed2.png",
      "virtualPath": "image/minus.png"
    },
    "plus": {
      "type": "image",
      "width": 80,
      "height": 60,
      "path": "files/ca85870c3827aa7d4b73.png",
      "virtualPath": "image/plus.png"
    },
    "problem": {
      "type": "image",
      "width": 128,
      "height": 128,
      "path": "files/c564e79e54eb4b743499.png",
      "virtualPath": "image/problem.png"
    },
    "problem_glyphs": {
      "type": "text",
      "path": "files/85cf7aee06ee2534f778.json",
      "virtualPath": "text/problem_glyphs.json"
    },
    "currect": {
      "type": "audio",
      "path": "files/5e5ab2ec3f2b79e2c074",
      "systemId": "sound",
      "duration": 2064,
      "virtualPath": "audio/currect"
    },
    "fail": {
      "type": "audio",
      "path": "files/02306f8f9cb19b537abb",
      "systemId": "sound",
      "duration": 462,
      "virtualPath": "audio/fail"
    },
    "koukoku": {
      "type": "image",
      "width": 250,
      "height": 200,
      "path": "files/64d303c02098aa9da829.png",
      "virtualPath": "image/koukoku.png"
    },
    "bonus": {
      "type": "image",
      "width": 128,
      "height": 96,
      "path": "files/dbd49f2428a0cb7c0ac8.png",
      "virtualPath": "image/bonus.png"
    },
    "bonus_glyphs": {
      "type": "text",
      "path": "files/dc38af7cef69dca97ec8.json",
      "virtualPath": "text/bonus_glyphs.json"
    },
    "finish": {
      "type": "audio",
      "path": "files/53e222a7aff57e70e889",
      "systemId": "sound",
      "duration": 2737,
      "virtualPath": "audio/finish"
    },
    "comment": {
      "type": "image",
      "width": 128,
      "height": 108,
      "path": "files/457bbf7403a10fb67ba6.png",
      "virtualPath": "image/comment.png"
    },
    "comment_glyphs": {
      "type": "text",
      "path": "files/892ac539e7cf294d0d0c.json",
      "virtualPath": "text/comment_glyphs.json"
    },
    "main2": {
      "type": "script",
      "path": "files/11db8275408bef87c9d3.js",
      "global": true,
      "virtualPath": "script/main2.js"
    },
    "SceneInfo": {
      "type": "script",
      "path": "files/c8a6ede789e563156308.js",
      "global": false,
      "virtualPath": "script/types/SceneInfo.js"
    },
    "parameterObject": {
      "type": "script",
      "path": "files/f1743313d0a41b72b06b.js",
      "global": false,
      "virtualPath": "script/types/parameterObject.js"
    },
    "aez_bundle_main": {
      "type": "script",
      "global": true,
      "path": "files/f086925699839f7a9594.js",
      "virtualPath": "script/aez_bundle_main.js"
    }
  },
  "environment": {
    "sandbox-runtime": "2",
    "niconico": {
      "supportedModes": [
        "ranking"
      ],
      "preferredSessionParameters": {
        "totalTimeLimit": 90
      }
    },
    "external": {
      "send": "0"
    },
    "akashic-runtime": {
      "version": "~2.1.37",
      "flavor": "-canvas"
    }
  },
  "globalScripts": [],
  "moduleMainScripts": {
    "@akashic-extension/akashic-label": "node_modules/@akashic-extension/akashic-label/lib/index.js"
  },
  "exportZipInfo": {
    "version": "0.4.5",
    "option": {
      "force": true,
      "strip": true,
      "minify": false,
      "bundle": true,
      "babel": true,
      "omitEmptyJs": true
    }
  }
}